post_title,post_name,ID,post_excerpt,post_content,post_status,menu_order,post_date,post_author,comment_status,sku,downloadable,virtual,stock,regular_price,sale_price,weight,length,width,height,tax_class,visibility,stock_status,backorders,manage_stock,tax_status,upsell_ids,crosssell_ids,featured,sale_price_dates_from,sale_price_dates_to,download_limit,download_expiry,product_url,button_text,images,downloadable_files,tax:product_type,tax:product_visibility,tax:product_cat,tax:product_tag,tax:product_shipping_class
Bolibellita,bolibellita,5,,,publish,0,23/02/2018 08:15,1,open,,no,no,,,,,,,,,visible,instock,no,no,taxable,,,no,,,,,,,http://queonda.com.mx/sites/mundo-bolita/wp-content/uploads/2018/06/Bolibella.png,,simple,,Princesas,,
Bolibeast,bolibeast,6,,,publish,0,24/02/2018 08:15,1,open,,no,no,,,,,,,,,visible,instock,no,no,taxable,,,no,,,,,,,http://queonda.com.mx/sites/mundo-bolita/wp-content/uploads/2018/06/Bolibestia.png,,simple,,Princesas,,
Boliblanca Nieves,boliblanca-nieves,7,,,publish,0,25/02/2018 08:15,1,open,,no,no,,,,,,,,,visible,instock,no,no,taxable,,,no,,,,,,,http://queonda.com.mx/sites/mundo-bolita/wp-content/uploads/2018/06/Bolinieves.png,,simple,,Princesas,,
Bolicienta,bolicienta,8,,,publish,0,26/02/2018 08:15,1,open,,no,no,,,,,,,,,visible,instock,no,no,taxable,,,no,,,,,,,http://queonda.com.mx/sites/mundo-bolita/wp-content/uploads/2018/06/Bolicienta.png,,simple,,Princesas,,
Bolielena,bolielena,9,,,publish,0,27/02/2018 08:15,1,open,,no,no,,,,,,,,,visible,instock,no,no,taxable,,,no,,,,,,,http://queonda.com.mx/sites/mundo-bolita/wp-content/uploads/2018/06/Bolielenea.png,,simple,,Princesas,,
Bolielsa,bolielsa,10,,,publish,0,28/02/2018 08:15,1,open,,no,no,,,,,,,,,visible,instock,no,no,taxable,,,no,,,,,,,http://queonda.com.mx/sites/mundo-bolita/wp-content/uploads/2018/06/Bolielsa.png,,simple,featured,Princesas,,
Bolirapunsel,bolirapunsel,11,,,publish,0,01/03/2018 08:15,1,open,,no,no,,,,,,,,,visible,instock,no,no,taxable,,,no,,,,,,,http://queonda.com.mx/sites/mundo-bolita/wp-content/uploads/2018/06/Bolirapuncel.png,,simple,,Princesas,,
Bolitinker Bell,bolitinker-bell,12,,,publish,0,02/03/2018 08:15,1,open,,no,no,,,,,,,,,visible,instock,no,no,taxable,,,no,,,,,,,http://queonda.com.mx/sites/mundo-bolita/wp-content/uploads/2018/06/Bolitinkerbell.png,,simple,,Princesas,,
Bolivaliente,bolivaliente,13,,,publish,0,03/03/2018 08:15,1,open,,no,no,,,,,,,,,visible,instock,no,no,taxable,,,no,,,,,,,http://queonda.com.mx/sites/mundo-bolita/wp-content/uploads/2018/06/Bolivaliente.png,,simple,,Princesas,,
Boliprincesa Sofia,boliprincesa-sofia,14,,,publish,0,04/03/2018 08:15,1,open,,no,no,,,,,,,,,visible,instock,no,no,taxable,,,no,,,,,,,http://queonda.com.mx/sites/mundo-bolita/wp-content/uploads/2018/06/Bolisofia.png,,simple,,Princesas,,
Bolipool,bolipool,15,,,publish,0,05/03/2018 08:15,1,open,,no,no,,,,,,,,,visible,instock,no,no,taxable,,,no,,,,,,,http://queonda.com.mx/sites/mundo-bolita/wp-content/uploads/2018/07/Dead-Pool.png,,simple,,Héroes,,
Bolijoker,bolijoker,16,,,publish,0,06/03/2018 08:15,1,open,,no,no,,,,,,,,,visible,instock,no,no,taxable,,,no,,,,,,,http://queonda.com.mx/sites/mundo-bolita/wp-content/uploads/2018/06/Bolijoker.png,,simple,,Héroes,,
Boliharley Queen,boliharley-queen,17,,,publish,0,07/03/2018 08:15,1,open,,no,no,,,,,,,,,visible,instock,no,no,taxable,,,no,,,,,,,http://queonda.com.mx/sites/mundo-bolita/wp-content/uploads/2018/06/Boliharleyqueen.png,,simple,,Héroes,,
Bolibatichica,bolibatichica,18,,,publish,0,08/03/2018 08:15,1,open,,no,no,,,,,,,,,visible,instock,no,no,taxable,,,no,,,,,,,http://queonda.com.mx/sites/mundo-bolita/wp-content/uploads/2018/06/Bolibati-chica.png,,simple,,Héroes,,
Bolisuperman,bolisuperman,23,,,publish,0,09/03/2018 08:15,1,open,,no,no,,,,,,,,,visible,instock,no,no,taxable,,,no,,,,,,,http://queonda.com.mx/sites/mundo-bolita/wp-content/uploads/2018/06/Bolisuperman.png,,simple,,Héroes,,
Boliblack Spiderman,boliblack-spiderman,24,,,publish,0,10/03/2018 08:15,1,open,,no,no,,,,,,,,,visible,instock,no,no,taxable,,,no,,,,,,,http://queonda.com.mx/sites/mundo-bolita/wp-content/uploads/2018/06/Boliblack-spiderman.png,,simple,,Héroes,,
Bolispiderman,bolispiderman,25,,,publish,0,11/03/2018 08:15,1,open,,no,no,,,,,,,,,visible,instock,no,no,taxable,,,no,,,,,,,http://queonda.com.mx/sites/mundo-bolita/wp-content/uploads/2018/06/Bolispiderman.png,,simple,,Héroes,,
Bolithor,bolithor,26,,,publish,0,12/03/2018 08:15,1,open,,no,no,,,,,,,,,visible,instock,no,no,taxable,,,no,,,,,,,http://queonda.com.mx/sites/mundo-bolita/wp-content/uploads/2018/06/Bolithor.png,,simple,,Héroes,,
Bolicapitán América,bolicapitan-america,27,,,publish,0,13/03/2018 08:15,1,open,,no,no,,,,,,,,,visible,instock,no,no,taxable,,,no,,,,,,,http://queonda.com.mx/sites/mundo-bolita/wp-content/uploads/2018/06/Bolicapamerica.png,,simple,featured,Héroes,,
Bolironman,bolironman,28,,,publish,0,14/03/2018 08:15,1,open,,no,no,,,,,,,,,visible,instock,no,no,taxable,,,no,,,,,,,http://queonda.com.mx/sites/mundo-bolita/wp-content/uploads/2018/06/Bolironman.png,,simple,,Héroes,,
Bolimiguel,bolimiguel,29,,,pending,0,15/03/2018 08:15,1,open,,no,no,,,,,,,,,visible,instock,no,no,taxable,,,no,,,,,,,http://queonda.com.mx/sites/mundo-bolita/wp-content/uploads/2018/06/Bolimiguelangel.png,,simple,,Películas y TV,,
Boliunicornio pastel,boliunicornio-pastel,32,,,publish,0,16/03/2018 08:15,1,open,,no,no,,,,,,,,,visible,instock,no,no,taxable,,,no,,,,,,,http://queonda.com.mx/sites/mundo-bolita/wp-content/uploads/1970/01/Boliunicornio2.png,,simple,featured,Películas y TV,,
Boliunicornio arcoíris,boliunicornio-arcoiris,33,,,publish,0,17/03/2018 08:15,1,open,,no,no,,,,,,,,,visible,instock,no,no,taxable,,,no,,,,,,,http://queonda.com.mx/sites/mundo-bolita/wp-content/uploads/1970/01/Boliunicornio.png,,simple,,Películas y TV,,
Bolimasha,bolimasha,34,,,publish,0,18/03/2018 08:15,1,open,,no,no,,,,,,,,,visible,instock,no,no,taxable,,,no,,,,,,,http://queonda.com.mx/sites/mundo-bolita/wp-content/uploads/2018/07/Bolimasha.png,,simple,,Películas y TV,,
Bolioso,bolioso,35,,,publish,0,19/03/2018 08:15,1,open,,no,no,,,,,,,,,visible,instock,no,no,taxable,,,no,,,,,,,http://queonda.com.mx/sites/mundo-bolita/wp-content/uploads/1970/01/Bolioso.png,,simple,,Películas y TV,,
Bolimasha lentes,bolimasha-lentes,36,,,publish,0,20/03/2018 08:15,1,open,,no,no,,,,,,,,,visible,instock,no,no,taxable,,,no,,,,,,,http://queonda.com.mx/sites/mundo-bolita/wp-content/uploads/2018/07/Bolimasha-lentes.png,,simple,,Películas y TV,,
Bolitigger,bolitigger,37,,,publish,0,21/03/2018 08:15,1,open,,no,no,,,,,,,,,visible,instock,no,no,taxable,,,no,,,,,,,http://queonda.com.mx/sites/mundo-bolita/wp-content/uploads/1970/01/Bolitigger.png,,simple,,Películas y TV,,
Bolipocoyo,bolipocoyo,39,,,publish,0,22/03/2018 08:15,1,open,,no,no,,,,,,,,,visible,instock,no,no,taxable,,,no,,,,,,,http://queonda.com.mx/sites/mundo-bolita/wp-content/uploads/1970/01/Bolipocoyo.png,,simple,,Películas y TV,,
Bolielly,bolielly,40,,,publish,0,23/03/2018 08:15,1,open,,no,no,,,,,,,,,visible,instock,no,no,taxable,,,no,,,,,,,http://queonda.com.mx/sites/mundo-bolita/wp-content/uploads/2018/07/Boliely.png,,simple,,Películas y TV,,
Bolicookie Monster,bolicookie-monster,41,,,publish,0,24/03/2018 08:15,1,open,,no,no,,,,,,,,,visible,instock,no,no,taxable,,,no,,,,,,,http://queonda.com.mx/sites/mundo-bolita/wp-content/uploads/2018/07/Bolicookie-mosnter.png,,simple,,Películas y TV,,
Bolielmo,bolielmo,42,,,publish,0,25/03/2018 08:15,1,open,,no,no,,,,,,,,,visible,instock,no,no,taxable,,,no,,,,,,,http://queonda.com.mx/sites/mundo-bolita/wp-content/uploads/2018/07/Bolielmo.png,,simple,,Películas y TV,,
Bolimichey Bebé,bolimichey-bebe,43,,,publish,0,26/03/2018 08:15,1,open,,no,no,,,,,,,,,visible,instock,no,no,taxable,,,no,,,,,,,http://queonda.com.mx/sites/mundo-bolita/wp-content/uploads/2018/07/Boliemickey-bebé.png,,simple,,Películas y TV,,
Boliminnie Bebé,boliminnie-bebe,44,,,publish,0,27/03/2018 08:15,1,open,,no,no,,,,,,,,,visible,instock,no,no,taxable,,,no,,,,,,,http://queonda.com.mx/sites/mundo-bolita/wp-content/uploads/2018/07/Boliminnie-bebé.png,,simple,,Películas y TV,,
Boliminnie Rosa,boliminnie-rosa,45,,,publish,0,28/03/2018 08:15,1,open,,no,no,,,,,,,,,visible,instock,no,no,taxable,,,no,,,,,,,http://queonda.com.mx/sites/mundo-bolita/wp-content/uploads/1970/01/Boliminnie.png,,simple,,Películas y TV,,
Boliminnie Roja,boliminnie-roja,46,,,publish,0,29/03/2018 08:15,1,open,,no,no,,,,,,,,,visible,instock,no,no,taxable,,,no,,,,,,,http://queonda.com.mx/sites/mundo-bolita/wp-content/uploads/2018/07/Boliminnie-mosue.png,,simple,,Películas y TV,,
Bolijorge,bolijorge,48,,,publish,0,30/03/2018 08:15,1,open,,no,no,,,,,,,,,visible,instock,no,no,taxable,,,no,,,,,,,http://queonda.com.mx/sites/mundo-bolita/wp-content/uploads/2018/07/Bolijorge.png,,simple,,Películas y TV,,
Bolidoki,bolidoki,49,,,publish,0,31/03/2018 08:15,1,open,,no,no,,,,,,,,,visible,instock,no,no,taxable,,,no,,,,,,,http://queonda.com.mx/sites/mundo-bolita/wp-content/uploads/2018/07/Bolidoki.png,,simple,,Películas y TV,,
Bolijake,bolijake,50,,,publish,0,01/04/2018 08:15,1,open,,no,no,,,,,,,,,visible,instock,no,no,taxable,,,no,,,,,,,http://queonda.com.mx/sites/mundo-bolita/wp-content/uploads/2018/07/Bolijake.png,,simple,,Películas y TV,,
Boligallina Pintadita,boligallina-pintadita,51,,,publish,0,02/04/2018 08:15,1,open,,no,no,,,,,,,,,visible,instock,no,no,taxable,,,no,,,,,,,http://queonda.com.mx/sites/mundo-bolita/wp-content/uploads/2018/07/Boli-gallina-pintadita.png,,simple,,Películas y TV,,
Bolishopkins verde,bolishopkins-verde,52,,,publish,0,03/04/2018 08:15,1,open,,no,no,,,,,,,,,visible,instock,no,no,taxable,,,no,,,,,,,http://queonda.com.mx/sites/mundo-bolita/wp-content/uploads/1970/01/Bolishopkings-verde.png,,simple,,Películas y TV,,
Bolishopkins rosa,bolishopkins-rosa,53,,,publish,0,04/04/2018 08:15,1,open,,no,no,,,,,,,,,visible,instock,no,no,taxable,,,no,,,,,,,http://queonda.com.mx/sites/mundo-bolita/wp-content/uploads/1970/01/Bolishopkings.png,,simple,,Películas y TV,,
Bolichilindrina,bolichilindrina,54,,,publish,0,05/04/2018 08:15,1,open,,no,no,,,,,,,,,visible,instock,no,no,taxable,,,no,,,,,,,http://queonda.com.mx/sites/mundo-bolita/wp-content/uploads/2018/07/Bolichilindrina.png,,simple,,Películas y TV,,
Bolicleo,bolicleo,55,,,publish,0,06/04/2018 08:15,1,open,,no,no,,,,,,,,,visible,instock,no,no,taxable,,,no,,,,,,,http://queonda.com.mx/sites/mundo-bolita/wp-content/uploads/2018/07/Bolocleo.png,,simple,,Películas y TV,,
Bolichavo del ocho,bolichavo-del-ocho,56,,,publish,0,07/04/2018 08:15,1,open,,no,no,,,,,,,,,visible,instock,no,no,taxable,,,no,,,,,,,http://queonda.com.mx/sites/mundo-bolita/wp-content/uploads/2018/07/Bolichavo-del8.png,,simple,,Películas y TV,,
Bolibailarina,bolibailarina,57,,,publish,0,08/04/2018 08:15,1,open,,no,no,,,,,,,,,visible,instock,no,no,taxable,,,no,,,,,,,http://queonda.com.mx/sites/mundo-bolita/wp-content/uploads/2018/07/Bolibailarina.png,,simple,,Películas y TV,,
Bolidra Juguetes,bolidra-juguetes,58,,,publish,0,09/04/2018 08:15,1,open,,no,no,,,,,,,,,visible,instock,no,no,taxable,,,no,,,,,,,http://queonda.com.mx/sites/mundo-bolita/wp-content/uploads/2018/07/Bolidra-juguetes.png,,simple,,Películas y TV,,
Bolilambie,bolilambie,59,,,publish,0,10/04/2018 08:15,1,open,,no,no,,,,,,,,,visible,instock,no,no,taxable,,,no,,,,,,,http://queonda.com.mx/sites/mundo-bolita/wp-content/uploads/2018/07/Bolilambie.png,,simple,,Películas y TV,,
Bolilady Bug,bolilady-bug,60,,,publish,0,11/04/2018 08:15,1,open,,no,no,,,,,,,,,visible,instock,no,no,taxable,,,no,,,,,,,http://queonda.com.mx/sites/mundo-bolita/wp-content/uploads/2018/07/Bolilady-bug.png,,simple,,Películas y TV,,
Bolishine,bolishine,61,,,publish,0,12/04/2018 08:15,1,open,,no,no,,,,,,,,,visible,instock,no,no,taxable,,,no,,,,,,,http://queonda.com.mx/sites/mundo-bolita/wp-content/uploads/1970/01/Bolishine.png,,simple,,Películas y TV,,
Bolishimmer,bolishimmer,62,,,publish,0,13/04/2018 08:15,1,open,,no,no,,,,,,,,,visible,instock,no,no,taxable,,,no,,,,,,,http://queonda.com.mx/sites/mundo-bolita/wp-content/uploads/1970/01/Bolishimmer.png,,simple,,Películas y TV,,
Bolipeppa Hada,bolipeppa-hada,63,,,publish,0,14/04/2018 08:15,1,open,,no,no,,,,,,,,,visible,instock,no,no,taxable,,,no,,,,,,,http://queonda.com.mx/sites/mundo-bolita/wp-content/uploads/1970/01/Bolipeppa-hada.png,,simple,,Películas y TV,,
Boligeorge Pig,boligeorge-pig,64,,,publish,0,15/04/2018 08:15,1,open,,no,no,,,,,,,,,visible,instock,no,no,taxable,,,no,,,,,,,http://queonda.com.mx/sites/mundo-bolita/wp-content/uploads/2018/07/Boligeorge-pig.png,,simple,,Películas y TV,,
Bolipeppa Pig,bolipeppa-pig,65,,,publish,0,16/04/2018 08:15,1,open,,no,no,,,,,,,,,visible,instock,no,no,taxable,,,no,,,,,,,http://queonda.com.mx/sites/mundo-bolita/wp-content/uploads/1970/01/Bolipeppa-pig.png,,simple,,Películas y TV,,
Bolirainbow Dash,bolirainbow-dash,67,,,publish,0,17/04/2018 08:15,1,open,,no,no,,,,,,,,,visible,instock,no,no,taxable,,,no,,,,,,,http://queonda.com.mx/sites/mundo-bolita/wp-content/uploads/1970/01/Bolirainbow-dash.png,,simple,,Películas y TV,,
Bolichamoy,bolichamoy,68,,,publish,0,18/04/2018 08:15,1,open,,no,no,,,,,,,,,visible,instock,no,no,taxable,,,no,,,,,,,http://queonda.com.mx/sites/mundo-bolita/wp-content/uploads/2018/07/Bolichamoy.png,,simple,,Películas y TV,,
Bolimerito morado,bolimerito-morado,69,,,publish,0,19/04/2018 08:15,1,open,,no,no,,,,,,,,,visible,instock,no,no,taxable,,,no,,,,,,,http://queonda.com.mx/sites/mundo-bolita/wp-content/uploads/2018/07/Bolimerito3.png,,simple,,Películas y TV,,
Bolimerito rosa,bolimerito-rosa,70,,,publish,0,20/04/2018 08:15,1,open,,no,no,,,,,,,,,visible,instock,no,no,taxable,,,no,,,,,,,http://queonda.com.mx/sites/mundo-bolita/wp-content/uploads/2018/07/Bolimerito2.png,,simple,,Películas y TV,,
Boliazul,boliazul,71,,,pending,0,21/04/2018 08:15,1,open,,no,no,,,,,,,,,visible,instock,no,no,taxable,,,no,,,,,,,,,simple,,Películas y TV,,
Bolichimuelo,bolichimuelo,72,,,publish,0,22/04/2018 08:15,1,open,,no,no,,,,,,,,,visible,instock,no,no,taxable,,,no,,,,,,,http://queonda.com.mx/sites/mundo-bolita/wp-content/uploads/2018/07/Bolichimuelo.png,,simple,,Películas y TV,,
Bolichase,bolichase,73,,,pending,0,23/04/2018 08:15,1,open,,no,no,,,,,,,,,visible,instock,no,no,taxable,,,no,,,,,,,,,simple,,Películas y TV,,
Bolisky,bolisky,74,,,publish,0,24/04/2018 08:15,1,open,,no,no,,,,,,,,,visible,instock,no,no,taxable,,,no,,,,,,,http://queonda.com.mx/sites/mundo-bolita/wp-content/uploads/1970/01/Bolisky.png,,simple,,Películas y TV,,
Boliryder,boliryder,75,,,publish,0,25/04/2018 08:15,1,open,,no,no,,,,,,,,,visible,instock,no,no,taxable,,,no,,,,,,,http://queonda.com.mx/sites/mundo-bolita/wp-content/uploads/1970/01/Boliryder.png,,simple,,Películas y TV,,
Bolimarshall,bolimarshall,76,,,publish,0,26/04/2018 08:15,1,open,,no,no,,,,,,,,,visible,instock,no,no,taxable,,,no,,,,,,,http://queonda.com.mx/sites/mundo-bolita/wp-content/uploads/2018/07/Bolimarshall.png,,simple,featured,Películas y TV,,
Bolicat Boy,bolicat-boy,77,,,publish,0,27/04/2018 08:15,1,open,,no,no,,,,,,,,,visible,instock,no,no,taxable,,,no,,,,,,,http://queonda.com.mx/sites/mundo-bolita/wp-content/uploads/2018/06/Bolicatboy.png,,simple,,Películas y TV,,
Boliuluette,boliuluette,78,,,publish,0,28/04/2018 08:15,1,open,,no,no,,,,,,,,,visible,instock,no,no,taxable,,,no,,,,,,,http://queonda.com.mx/sites/mundo-bolita/wp-content/uploads/2018/06/Boliulette.png,,simple,,Películas y TV,,
Boligeko,boligeko,79,,,publish,0,29/04/2018 08:15,1,open,,no,no,,,,,,,,,visible,instock,no,no,taxable,,,no,,,,,,,http://queonda.com.mx/sites/mundo-bolita/wp-content/uploads/2018/06/Boligeko.png,,simple,,Películas y TV,,
Boliprincipito,boliprincipito,80,,,publish,0,30/04/2018 08:15,1,open,,no,no,,,,,,,,,visible,instock,no,no,taxable,,,no,,,,,,,http://queonda.com.mx/sites/mundo-bolita/wp-content/uploads/2018/06/Boliprincipito.png,,simple,,Películas y TV,,
Boligoku,boligoku,81,,,publish,0,01/05/2018 08:15,1,open,,no,no,,,,,,,,,visible,instock,no,no,taxable,,,no,,,,,,,http://queonda.com.mx/sites/mundo-bolita/wp-content/uploads/2018/06/Boligoku.png,,simple,,Películas y TV,,
Bolipokebola,bolipokebola,82,,,publish,0,02/05/2018 08:15,1,open,,no,no,,,,,,,,,visible,instock,no,no,taxable,,,no,,,,,,,http://queonda.com.mx/sites/mundo-bolita/wp-content/uploads/2018/06/Bolipokebola.png,,simple,,Películas y TV,,
Bolicharizard,bolicharizard,83,,,publish,0,03/05/2018 08:15,1,open,,no,no,,,,,,,,,visible,instock,no,no,taxable,,,no,,,,,,,http://queonda.com.mx/sites/mundo-bolita/wp-content/uploads/2018/06/Bolicharizard.png,,simple,,Películas y TV,,
Bolicharmander,bolicharmander,84,,,publish,0,04/05/2018 08:15,1,open,,no,no,,,,,,,,,visible,instock,no,no,taxable,,,no,,,,,,,http://queonda.com.mx/sites/mundo-bolita/wp-content/uploads/2018/06/Bolicharmander.png,,simple,,Películas y TV,,
Bolipikachu,bolipikachu,85,,,publish,0,05/05/2018 08:15,1,open,,no,no,,,,,,,,,visible,instock,no,no,taxable,,,no,,,,,,,http://queonda.com.mx/sites/mundo-bolita/wp-content/uploads/2018/06/Bolipikachu.png,,simple,,Películas y TV,,
Bolimoana,bolimoana,86,,,publish,0,06/05/2018 08:15,1,open,,no,no,,,,,,,,,visible,instock,no,no,taxable,,,no,,,,,,,http://queonda.com.mx/sites/mundo-bolita/wp-content/uploads/2018/06/Bolimoana.png,,simple,,Películas y TV,,
Bolicoco,bolicoco,87,,,publish,0,07/05/2018 08:15,1,open,,no,no,,,,,,,,,visible,instock,no,no,taxable,,,no,,,,,,,http://queonda.com.mx/sites/mundo-bolita/wp-content/uploads/2018/06/Bolicoco.png,,simple,,Películas y TV,,
Bolirafael,bolirafael,88,,,publish,0,08/05/2018 08:15,1,open,,no,no,,,,,,,,,visible,instock,no,no,taxable,,,no,,,,,,,http://queonda.com.mx/sites/mundo-bolita/wp-content/uploads/2018/06/Bolirafael.png,,simple,,Películas y TV,,
Bolionardo,bolionardo,89,,,publish,0,09/05/2018 08:15,1,open,,no,no,,,,,,,,,visible,instock,no,no,taxable,,,no,,,,,,,http://queonda.com.mx/sites/mundo-bolita/wp-content/uploads/2018/06/Bolileonardo.png,,simple,,Películas y TV,,
Bolimiguel Ángel,bolimiguel-angel,90,,,publish,0,10/05/2018 08:15,1,open,,no,no,,,,,,,,,visible,instock,no,no,taxable,,,no,,,,,,,http://queonda.com.mx/sites/mundo-bolita/wp-content/uploads/2018/06/Bolimiguelangel.png,,simple,featured,Películas y TV,,
Bolidonatello,bolidonatello,91,,,publish,0,11/05/2018 08:15,1,open,,no,no,,,,,,,,,visible,instock,no,no,taxable,,,no,,,,,,,http://queonda.com.mx/sites/mundo-bolita/wp-content/uploads/2018/06/Bolidonatello.png,,simple,,Películas y TV,,
Boliharry Potter,boliharry-potter,92,,,publish,0,12/05/2018 08:15,1,open,,no,no,,,,,,,,,visible,instock,no,no,taxable,,,no,,,,,,,http://queonda.com.mx/sites/mundo-bolita/wp-content/uploads/2018/06/Boliharrypotter.png,,simple,,Películas y TV,,
Boliminion,boliminion,93,,,publish,0,13/05/2018 08:15,1,open,,no,no,,,,,,,,,visible,instock,no,no,taxable,,,no,,,,,,,http://queonda.com.mx/sites/mundo-bolita/wp-content/uploads/2018/06/Boliminion.png,,simple,,Películas y TV,,
Boliagnes,boliagnes,94,,,publish,0,14/05/2018 08:15,1,open,,no,no,,,,,,,,,visible,instock,no,no,taxable,,,no,,,,,,,http://queonda.com.mx/sites/mundo-bolita/wp-content/uploads/2018/06/Boliagnes.png,,simple,,Películas y TV,,
Boliramón Feliz,boliramon-feliz,95,,,publish,0,15/05/2018 08:15,1,open,,no,no,,,,,,,,,visible,instock,no,no,taxable,,,no,,,,,,,http://queonda.com.mx/sites/mundo-bolita/wp-content/uploads/2018/06/Boliramón-feliz.png,,simple,featured,Películas y TV,,
Bolipoppy,bolipoppy,96,,,publish,0,16/05/2018 08:15,1,open,,no,no,,,,,,,,,visible,instock,no,no,taxable,,,no,,,,,,,http://queonda.com.mx/sites/mundo-bolita/wp-content/uploads/2018/06/Bolipoppy.png,,simple,,Películas y TV,,
Boliramón Gruñón,boliramon-grunon,97,,,publish,0,17/05/2018 08:15,1,open,,no,no,,,,,,,,,visible,instock,no,no,taxable,,,no,,,,,,,http://queonda.com.mx/sites/mundo-bolita/wp-content/uploads/2018/06/Boliramongrunon.png,,simple,,Películas y TV,,
Bolisullivan,bolisullivan,98,,,publish,0,18/05/2018 08:15,1,open,,no,no,,,,,,,,,visible,instock,no,no,taxable,,,no,,,,,,,http://queonda.com.mx/sites/mundo-bolita/wp-content/uploads/2018/06/Bolisullivan.png,,simple,,Películas y TV,,
Boliboo,boliboo,99,,,publish,0,19/05/2018 08:15,1,open,,no,no,,,,,,,,,visible,instock,no,no,taxable,,,no,,,,,,,http://queonda.com.mx/sites/mundo-bolita/wp-content/uploads/2018/06/Boliboo.png,,simple,,Películas y TV,,
Bolimike,bolimike,100,,,publish,0,20/05/2018 08:15,1,open,,no,no,,,,,,,,,visible,instock,no,no,taxable,,,no,,,,,,,http://queonda.com.mx/sites/mundo-bolita/wp-content/uploads/2018/06/Bolimike.png,,simple,,Películas y TV,,
Bolimia,bolimia,101,,,publish,0,21/05/2018 08:15,1,open,,no,no,,,,,,,,,visible,instock,no,no,taxable,,,no,,,,,,,http://queonda.com.mx/sites/mundo-bolita/wp-content/uploads/2018/06/Bolimia.png,,simple,,Películas y TV,,
Bolimabel,bolimabel,102,,,publish,0,22/05/2018 08:15,1,open,,no,no,,,,,,,,,visible,instock,no,no,taxable,,,no,,,,,,,http://queonda.com.mx/sites/mundo-bolita/wp-content/uploads/2018/06/Bolimabel.png,,simple,,Películas y TV,,
Bolistitch,bolistitch,103,,,publish,0,23/05/2018 08:15,1,open,,no,no,,,,,,,,,visible,instock,no,no,taxable,,,no,,,,,,,http://queonda.com.mx/sites/mundo-bolita/wp-content/uploads/2018/06/Bolistich.png,,simple,,Películas y TV,,
Boli Mr Increíble,boli-mr-increible,104,,,publish,0,24/05/2018 08:15,1,open,,no,no,,,,,,,,,visible,instock,no,no,taxable,,,no,,,,,,,http://queonda.com.mx/sites/mundo-bolita/wp-content/uploads/2018/06/Boli-incelible.png,,simple,,Películas y TV,,
Boliclone,boliclone,105,,,publish,0,25/05/2018 08:15,1,open,,no,no,,,,,,,,,visible,instock,no,no,taxable,,,no,,,,,,,http://queonda.com.mx/sites/mundo-bolita/wp-content/uploads/2018/06/Boliclone.png,,simple,,Películas y TV,,
Bolidarth Vader,bolidarth-vader,106,,,publish,0,26/05/2018 08:15,1,open,,no,no,,,,,,,,,visible,instock,no,no,taxable,,,no,,,,,,,http://queonda.com.mx/sites/mundo-bolita/wp-content/uploads/2018/06/Bolidarthvader.png,,simple,featured,Películas y TV,,
Boligatitosaurio,boligatitosaurio,107,,,publish,0,27/05/2018 08:15,1,open,,no,no,,,,,,,,,visible,instock,no,no,taxable,,,no,,,,,,,http://queonda.com.mx/sites/mundo-bolita/wp-content/uploads/2018/06/Boligatitosaurio.png,,simple,,Películas y TV,,
Bolimarciano,bolimarciano,108,,,publish,0,28/05/2018 08:15,1,open,,no,no,,,,,,,,,visible,instock,no,no,taxable,,,no,,,,,,,http://queonda.com.mx/sites/mundo-bolita/wp-content/uploads/2018/06/Bolimarciano.png,,simple,,Películas y TV,,
Bolilotso,bolilotso,109,,,publish,0,29/05/2018 08:15,1,open,,no,no,,,,,,,,,visible,instock,no,no,taxable,,,no,,,,,,,http://queonda.com.mx/sites/mundo-bolita/wp-content/uploads/2018/06/Bolilotso.png,,simple,,Películas y TV,,
Boliwoody,boliwoody,110,,,publish,0,30/05/2018 08:15,1,open,,no,no,,,,,,,,,visible,instock,no,no,taxable,,,no,,,,,,,http://queonda.com.mx/sites/mundo-bolita/wp-content/uploads/2018/06/Boliwoody.png,,simple,,Películas y TV,,
Bolijessy,bolijessy,111,,,publish,0,31/05/2018 08:15,1,open,,no,no,,,,,,,,,visible,instock,no,no,taxable,,,no,,,,,,,http://queonda.com.mx/sites/mundo-bolita/wp-content/uploads/2018/06/Bolijessy.png,,simple,,Películas y TV,,
Bolibuzz,bolibuzz,112,,,publish,0,01/06/2018 08:15,1,open,,no,no,,,,,,,,,visible,instock,no,no,taxable,,,no,,,,,,,http://queonda.com.mx/sites/mundo-bolita/wp-content/uploads/2018/06/Bolibuzz.png,,simple,,Películas y TV,,
Bolileón,bolileon,113,,,publish,0,02/06/2018 08:15,1,open,,no,no,,,,,,,,,visible,instock,no,no,taxable,,,no,,,,,,,http://queonda.com.mx/sites/mundo-bolita/wp-content/uploads/2018/07/Bolileón.png,,simple,,Animales,,
Bolipanda,bolipanda,114,,,publish,0,03/06/2018 08:15,1,open,,no,no,,,,,,,,,visible,instock,no,no,taxable,,,no,,,,,,,http://queonda.com.mx/sites/mundo-bolita/wp-content/uploads/1970/01/Bolipanda.png,,simple,,Animales,,
Bolipollo,bolipollo,115,,,publish,0,04/06/2018 08:15,1,open,,no,no,,,,,,,,,visible,instock,no,no,taxable,,,no,,,,,,,http://queonda.com.mx/sites/mundo-bolita/wp-content/uploads/1970/01/Bolipollo.png,,simple,,Animales,,
Boliconejo,boliconejo,116,,,publish,0,05/06/2018 08:15,1,open,,no,no,,,,,,,,,visible,instock,no,no,taxable,,,no,,,,,,,http://queonda.com.mx/sites/mundo-bolita/wp-content/uploads/2018/07/Boliconejo.png,,simple,,Animales,,
Bolielefante,bolielefante,117,,,publish,0,06/06/2018 08:15,1,open,,no,no,,,,,,,,,visible,instock,no,no,taxable,,,no,,,,,,,http://queonda.com.mx/sites/mundo-bolita/wp-content/uploads/2018/07/Bolielefante.png,,simple,,Animales,,
Boligolden Freddy,boligolden-freddy,118,,,pending,0,07/06/2018 08:15,1,open,,no,no,,,,,,,,,visible,instock,no,no,taxable,,,no,,,,,,,http://queonda.com.mx/sites/mundo-bolita/wp-content/uploads/2018/07/Bolifreddy.png,,simple,,Video Juegos,,
Bolizombie,bolizombie,119,,,publish,0,08/06/2018 08:15,1,open,,no,no,,,,,,,,,visible,instock,no,no,taxable,,,no,,,,,,,http://queonda.com.mx/sites/mundo-bolita/wp-content/uploads/1970/01/Bolizombie.png,,simple,,Video Juegos,,
Bolifreddy,bolifreddy,120,,,publish,0,09/06/2018 08:15,1,open,,no,no,,,,,,,,,visible,instock,no,no,taxable,,,no,,,,,,,http://queonda.com.mx/sites/mundo-bolita/wp-content/uploads/2018/07/Bolifreddy.png,,simple,,Video Juegos,,
Bolioso Maloso,bolioso-maloso,121,,,publish,0,10/06/2018 08:15,1,open,,no,no,,,,,,,,,visible,instock,no,no,taxable,,,no,,,,,,,http://queonda.com.mx/sites/mundo-bolita/wp-content/uploads/1970/01/Bolioso-maloso.png,,simple,,Video Juegos,,
Bolisonic Boom,bolisonic-boom,122,,,publish,0,11/06/2018 08:15,1,open,,no,no,,,,,,,,,visible,instock,no,no,taxable,,,no,,,,,,,http://queonda.com.mx/sites/mundo-bolita/wp-content/uploads/1970/01/Bolisonic.png,,simple,,Video Juegos,,
Bolimario Bros,bolimario-bros,123,,,publish,0,12/06/2018 08:15,1,open,,no,no,,,,,,,,,visible,instock,no,no,taxable,,,no,,,,,,,http://queonda.com.mx/sites/mundo-bolita/wp-content/uploads/2018/07/Bolimario-bros.png,,simple,,Video Juegos,,
Boliluigi Bros,boliluigi-bros,124,,,publish,0,13/06/2018 08:15,1,open,,no,no,,,,,,,,,visible,instock,no,no,taxable,,,no,,,,,,,http://queonda.com.mx/sites/mundo-bolita/wp-content/uploads/2018/07/Boliluigui-bros.png,,simple,,Video Juegos,,
Bolimexicana,bolimexicana,125,,,publish,0,14/06/2018 08:15,1,open,,no,no,,,,,,,,,visible,instock,no,no,taxable,,,no,,,,,,,http://queonda.com.mx/sites/mundo-bolita/wp-content/uploads/2018/07/Bolimexicana.png,,simple,,Mexicanas,,
Bolimariachi guitarra,bolimariachi-guitarra,126,,,publish,0,15/06/2018 08:15,1,open,,no,no,,,,,,,,,visible,instock,no,no,taxable,,,no,,,,,,,http://queonda.com.mx/sites/mundo-bolita/wp-content/uploads/2018/07/Bolimariachi.png,,simple,,Mexicanas,,
Bolimariachi,bolimariachi,127,,,publish,0,16/06/2018 08:15,1,open,,no,no,,,,,,,,,visible,instock,no,no,taxable,,,no,,,,,,,http://queonda.com.mx/sites/mundo-bolita/wp-content/uploads/2018/07/Bolimaricahi2.png,,simple,,Mexicanas,,
Bolifrida,bolifrida,128,,,publish,0,17/06/2018 08:15,1,open,,no,no,,,,,,,,,visible,instock,no,no,taxable,,,no,,,,,,,http://queonda.com.mx/sites/mundo-bolita/wp-content/uploads/2018/07/Bolifrida.png,,simple,,Mexicanas,,
Bolimaría,bolimaria,129,,,publish,0,18/06/2018 08:15,1,open,,no,no,,,,,,,,,visible,instock,no,no,taxable,,,no,,,,,,,http://queonda.com.mx/sites/mundo-bolita/wp-content/uploads/2018/07/Bolimaría.png,,simple,,Mexicanas,,
Bolidiablo,bolidiablo,130,,,publish,0,19/06/2018 08:15,1,open,,no,no,,,,,,,,,visible,instock,no,no,taxable,,,no,,,,,,,http://queonda.com.mx/sites/mundo-bolita/wp-content/uploads/2018/07/Bolidiablo.png,,simple,,Día de Muertos,,
Bolibrujita,bolibrujita,131,,,publish,0,20/06/2018 08:15,1,open,,no,no,,,,,,,,,visible,instock,no,no,taxable,,,no,,,,,,,http://queonda.com.mx/sites/mundo-bolita/wp-content/uploads/2018/07/Bolibrujita.png,,simple,,Día de Muertos,,
Bolijack Skeleton,bolijack-skeleton,132,,,publish,0,21/06/2018 08:15,1,open,,no,no,,,,,,,,,visible,instock,no,no,taxable,,,no,,,,,,,http://queonda.com.mx/sites/mundo-bolita/wp-content/uploads/2018/07/Bolijack2.png,,simple,,Día de Muertos,,
Bolijack Skeleton sonrisa,bolijack-skeleton-sonrisa,133,,,publish,0,22/06/2018 08:15,1,open,,no,no,,,,,,,,,visible,instock,no,no,taxable,,,no,,,,,,,http://queonda.com.mx/sites/mundo-bolita/wp-content/uploads/2018/07/Bolijack.png,,simple,,Día de Muertos,,
Bolicalavera bigote,bolicalavera-bigote,134,,,publish,0,23/06/2018 08:15,1,open,,no,no,,,,,,,,,visible,instock,no,no,taxable,,,no,,,,,,,http://queonda.com.mx/sites/mundo-bolita/wp-content/uploads/2018/07/Bolicalavera2.png,,simple,,Día de Muertos,,
Bolicalavera,bolicalavera,135,,,publish,0,24/06/2018 08:15,1,open,,no,no,,,,,,,,,visible,instock,no,no,taxable,,,no,,,,,,,http://queonda.com.mx/sites/mundo-bolita/wp-content/uploads/2018/07/Bolicalavera.png,,simple,,Día de Muertos,,
Bolivampiro,bolivampiro,136,,,publish,0,25/06/2018 08:15,1,open,,no,no,,,,,,,,,visible,instock,no,no,taxable,,,no,,,,,,,http://queonda.com.mx/sites/mundo-bolita/wp-content/uploads/1970/01/Bolivampiro.png,,simple,,Día de Muertos,,
Boliplayer Chivas,boliplayer-chivas,149,,,publish,0,26/06/2018 08:15,1,open,,no,no,,,,,,,,,visible,instock,no,no,taxable,,,no,,,,,,,http://queonda.com.mx/sites/mundo-bolita/wp-content/uploads/1970/01/Boliplayr-chivas.png,,simple,,Otros,,
Bolipayaso,bolipayaso,150,,,publish,0,27/06/2018 08:15,1,open,,no,no,,,,,,,,,visible,instock,no,no,taxable,,,no,,,,,,,http://queonda.com.mx/sites/mundo-bolita/wp-content/uploads/2018/06/bolipayaso.png,,simple,,Otros,,
Bolipirata,bolipirata,151,,,publish,0,28/06/2018 08:15,1,open,,no,no,,,,,,,,,visible,instock,no,no,taxable,,,no,,,,,,,http://queonda.com.mx/sites/mundo-bolita/wp-content/uploads/1970/01/Bolipirata.png,,simple,,Otros,,
Boliflash,boliflash,280,,,publish,0,29/06/2018 08:15,1,open,,no,no,,,,,,,,,,instock,no,no,taxable,,,,,,-1,-1,,,http://queonda.com.mx/sites/mundo-bolita/wp-content/uploads/2018/06/Boliflash.png,,simple,,Héroes,,
Bolibatman,bolibatman,281,,,publish,0,29/06/2018 08:17,1,open,,no,no,,,,,,,,,,instock,no,no,taxable,,,,,,-1,-1,,,http://queonda.com.mx/sites/mundo-bolita/wp-content/uploads/2018/06/Bolibatman.png,,simple,featured,Héroes,,
Boliana,boliana,282,,,publish,0,29/06/2018 08:22,1,open,,no,no,,,,,,,,,,instock,no,no,taxable,,,,,,-1,-1,,,http://queonda.com.mx/sites/mundo-bolita/wp-content/uploads/2018/06/Boliana.png,,simple,,Princesas,,
Boliariel,boliariel,283,,,publish,0,29/06/2018 08:23,1,open,,no,no,,,,,,,,,,instock,no,no,taxable,,,,,,-1,-1,,,http://queonda.com.mx/sites/mundo-bolita/wp-content/uploads/2018/06/Boliariel2.png,,simple,,Princesas,,
Boliariel Sirena,boliariel-sirena,284,,,publish,0,29/06/2018 08:23,1,open,,no,no,,,,,,,,,,instock,no,no,taxable,,,,,,-1,-1,,,http://queonda.com.mx/sites/mundo-bolita/wp-content/uploads/2018/06/Boliariel.png,,simple,,Princesas,,
Boliaurora,boliaurora,285,,,publish,0,29/06/2018 08:24,1,open,,no,no,,,,,,,,,,instock,no,no,taxable,,,,,,-1,-1,,,http://queonda.com.mx/sites/mundo-bolita/wp-content/uploads/2018/06/Boliaurora.png,,simple,,Princesas,,
Boliwonder Woman,boliwonder-woman,286,,,publish,0,29/06/2018 08:26,1,open,,no,no,,,,,,,,,,instock,no,no,taxable,,,,,,-1,-1,,,http://queonda.com.mx/sites/mundo-bolita/wp-content/uploads/2018/06/Boliwonderwoman.png,,simple,,Héroes,,
Bolijengibre,bolijengibre,287,,,publish,0,29/06/2018 08:29,1,open,,no,no,,,,,,,,,,instock,no,no,taxable,,,,,,-1,-1,,,http://queonda.com.mx/sites/mundo-bolita/wp-content/uploads/2018/07/Bolijengibre2.png,,simple,,Navidad,,
Bolijengibre gorro,bolijengibre-gorro,288,,,publish,0,29/06/2018 08:29,1,open,,no,no,,,,,,,,,,instock,no,no,taxable,,,,,,-1,-1,,,http://queonda.com.mx/sites/mundo-bolita/wp-content/uploads/2018/07/Bolijengibre.png,,simple,,Navidad,,
Bolisanta Claus,bolisanta-claus,289,,,publish,0,29/06/2018 08:29,1,open,,no,no,,,,,,,,,,instock,no,no,taxable,,,,,,-1,-1,,,http://queonda.com.mx/sites/mundo-bolita/wp-content/uploads/2018/06/Bolisanta-claus.png,,simple,,Navidad,,
Bolipingüino,bolipinguino,290,,,publish,0,29/06/2018 08:30,1,open,,no,no,,,,,,,,,,instock,no,no,taxable,,,,,,-1,-1,,,http://queonda.com.mx/sites/mundo-bolita/wp-content/uploads/2018/06/Bolipingüino.png,,simple,,Navidad,,
Bolireno,bolireno,291,,,publish,0,29/06/2018 08:30,1,open,,no,no,,,,,,,,,,instock,no,no,taxable,,,,,,-1,-1,,,http://queonda.com.mx/sites/mundo-bolita/wp-content/uploads/2018/06/Bolireno.png,,simple,,Navidad,,
Bolioso Polar,bolioso-polar,292,,,publish,0,29/06/2018 08:30,1,open,,no,no,,,,,,,,,,instock,no,no,taxable,,,,,,-1,-1,,,http://queonda.com.mx/sites/mundo-bolita/wp-content/uploads/2018/06/Bolioso-polar.png,,simple,,Navidad,,
Bolimickey Navidad,bolimickey-navidad,293,,,publish,0,29/06/2018 08:30,1,open,,no,no,,,,,,,,,,instock,no,no,taxable,,,,,,-1,-1,,,http://queonda.com.mx/sites/mundo-bolita/wp-content/uploads/2018/07/Bolimickey-navidad.png,,simple,,Navidad,,
Boliangelita,boliangelita,294,,,publish,0,29/06/2018 08:31,1,open,,no,no,,,,,,,,,,instock,no,no,taxable,,,,,,-1,-1,,,http://queonda.com.mx/sites/mundo-bolita/wp-content/uploads/2018/07/Boliangleito-rosa.png,,simple,,Bautizo/Primera Comunión,,
Boliangelito azul,boliangelito-azul,297,,,publish,0,29/06/2018 08:32,1,open,,no,no,,,,,,,,,,instock,no,no,taxable,,,,,,-1,-1,,,http://queonda.com.mx/sites/mundo-bolita/wp-content/uploads/2018/07/Boliangelito.png,,simple,,Bautizo/Primera Comunión,,
Bolidino,bolidino,298,,,publish,0,29/06/2018 08:32,1,open,,no,no,,,,,,,,,,instock,no,no,taxable,,,,,,-1,-1,,,http://queonda.com.mx/sites/mundo-bolita/wp-content/uploads/2018/07/dinosaurio-piñata.png,,simple,,Otros,,
Boliplayer América,boliplayer-america,299,,,publish,0,29/06/2018 08:33,1,open,,no,no,,,,,,,,,,instock,no,no,taxable,,,,,,-1,-1,,,http://queonda.com.mx/sites/mundo-bolita/wp-content/uploads/2018/06/Boliplayera-america.png,,simple,,Otros,,
Boliangelito,boliangelito,300,,,publish,0,29/06/2018 08:34,1,open,,no,no,,,,,,,,,,instock,no,no,taxable,,,,,,-1,-1,,,http://queonda.com.mx/sites/mundo-bolita/wp-content/uploads/2018/07/Boliangelito-blanco.png,,simple,,Bautizo/Primera Comunión,,
Bolieverest,bolieverest,301,,,publish,0,29/06/2018 08:47,1,open,,no,no,,,,,,,,,,instock,no,no,taxable,,,,,,-1,-1,,,http://queonda.com.mx/sites/mundo-bolita/wp-content/uploads/2018/07/Bolieverest.png,,simple,,Películas y TV,,
Bolikitty,bolikitty,302,,,publish,0,29/06/2018 08:47,1,open,,no,no,,,,,,,,,,instock,no,no,taxable,,,,,,-1,-1,,,http://queonda.com.mx/sites/mundo-bolita/wp-content/uploads/2018/07/Bolikitty.png,,simple,,Películas y TV,,
Bolipooh,bolipooh,304,,,publish,0,29/06/2018 08:48,1,open,,no,no,,,,,,,,,,instock,no,no,taxable,,,,,,-1,-1,,,http://queonda.com.mx/sites/mundo-bolita/wp-content/uploads/2018/06/Bolipooh.png,,simple,,Películas y TV,,
Bolimickey Mouse,bolimickey-mouse,305,,,publish,0,29/06/2018 08:49,1,open,,no,no,,,,,,,,,,instock,no,no,taxable,,,,,,-1,-1,,,http://queonda.com.mx/sites/mundo-bolita/wp-content/uploads/2018/07/Bolimickey-mouse.png,,simple,,Películas y TV,,
Bolisparkle,bolisparkle,307,,,publish,0,29/06/2018 08:49,1,open,,no,no,,,,,,,,,,instock,no,no,taxable,,,,,,-1,-1,,,http://queonda.com.mx/sites/mundo-bolita/wp-content/uploads/2018/07/Bolisparkle.png,,simple,,Películas y TV,,
